<dependencies>
  <packages>
    <package>com.google.android.gms:play-services-base:11.4.2</package>
    <package>com.google.firebase:firebase-app-unity:4.2.1</package>
    <package>com.google.firebase:firebase-auth:11.4.2</package>
    <package>com.google.firebase:firebase-auth-unity:4.2.1</package>
    <package>com.google.firebase:firebase-common:11.4.2</package>
    <package>com.google.firebase:firebase-core:11.4.2</package>
  </packages>
  <files>
    <file>Assets/Plugins/Android/firebase-analytics-11.4.2.aar</file>
    <file>Assets/Plugins/Android/firebase-analytics-impl-11.4.2.aar</file>
    <file>Assets/Plugins/Android/firebase-analytics-impl-license-11.4.2</file>
    <file>Assets/Plugins/Android/firebase-analytics-license-11.4.2</file>
    <file>Assets/Plugins/Android/firebase-app-unity-4.2.1.aar</file>
    <file>Assets/Plugins/Android/firebase-auth-11.4.2.aar</file>
    <file>Assets/Plugins/Android/firebase-auth-license-11.4.2</file>
    <file>Assets/Plugins/Android/firebase-auth-unity-4.2.1.aar</file>
    <file>Assets/Plugins/Android/firebase-common-11.4.2</file>
    <file>Assets/Plugins/Android/firebase-common-license-11.4.2</file>
    <file>Assets/Plugins/Android/firebase-core-11.4.2</file>
    <file>Assets/Plugins/Android/firebase-iid-11.4.2</file>
    <file>Assets/Plugins/Android/firebase-iid-license-11.4.2</file>
    <file>Assets/Plugins/Android/play-services-base-11.4.2.aar</file>
    <file>Assets/Plugins/Android/play-services-base-license-11.4.2</file>
    <file>Assets/Plugins/Android/play-services-basement-11.4.2.aar</file>
    <file>Assets/Plugins/Android/play-services-basement-license-11.4.2</file>
    <file>Assets/Plugins/Android/play-services-tasks-11.4.2.aar</file>
    <file>Assets/Plugins/Android/play-services-tasks-license-11.4.2</file>
    <file>Assets/Plugins/Android/support-annotations-25.2.0.jar</file>
    <file>Assets/Plugins/Android/support-compat-25.2.0.aar</file>
    <file>Assets/Plugins/Android/support-core-ui-25.2.0.aar</file>
    <file>Assets/Plugins/Android/support-core-utils-25.2.0.aar</file>
    <file>Assets/Plugins/Android/support-fragment-25.2.0.aar</file>
    <file>Assets/Plugins/Android/support-media-compat-25.2.0.aar</file>
    <file>Assets/Plugins/Android/support-v4-25.2.0.aar</file>
  </files>
</dependencies>