<!-- Copyright (C) 2017 Google Inc. All Rights Reserved.

FirebaseAuth iOS and Android Dependencies.
-->

<dependencies>
  <iosPods>
    <iosPod name="Firebase/Auth" version="4.3.0" minTargetSdk="7.0">
    </iosPod>
  </iosPods>
  <androidPackages>
    <androidPackage spec="com.google.firebase:firebase-auth:11.4.2">
      <androidSdkPackageIds>
        <androidSdkPackageId>extra-google-m2repository</androidSdkPackageId>
        <androidSdkPackageId>extra-android-m2repository</androidSdkPackageId>
      </androidSdkPackageIds>
    </androidPackage>
    <androidPackage spec="com.google.firebase:firebase-core:11.4.2">
      <androidSdkPackageIds>
        <androidSdkPackageId>extra-google-m2repository</androidSdkPackageId>
        <androidSdkPackageId>extra-android-m2repository</androidSdkPackageId>
      </androidSdkPackageIds>
    </androidPackage>
    <androidPackage spec="com.google.firebase:firebase-auth-unity:4.2.1">
      <repositories>
        <repository>Assets/Firebase/m2repository</repository>
      </repositories>
    </androidPackage>
  </androidPackages>
</dependencies>

